{
    "rmse": 0.7143240293171201,
    "mae": 0.5657074306024815,
    "r2": 0.1788561009658094
}