{
    "rmse": 0.7137317480423538,
    "mae": 0.5555614030791258,
    "r2": 0.23791192876948264
}